"3d Wash N Wax Shampoo Concentrado Con Cera 500cc","","3D WASH & WAX  SHAMPOO CONCENTRADO - CON CERA  3D WASH & WAX es un shampoo altamente concentrado con cera liquida. Su espuma densa y firme desprende y encapsula la suciedad permitiendo una limpieza sin rayones, a la vez que ahorra tiempo y agua. Su fórmula con PH Neutro está especialmente diseñada para no quitar las capas de cera ya existente a la vez que añade una nueva, dejando su vehículo limpio y brillante lavado tras lavado. Funciona tanto al utilizarse en un Lavado a Mano como con hidrolavadora.  Para lavados a mano se debe diluir 10 Mililitros cada 12 Litros de agua  Contenido 500 cc.  PREGUNTAS FRECUENTES:    ¿Cuánto cuesta el envío? En el caso de no contar con envío gratis o retiro en sucursal. Podes calcular el costo de envío ingresando tu código postal en el icono de Mercado Envíos.  ¿Hacen envíos a contrareembolso? No. El envío de tu compra se concreta una vez acreditado el pago en Mercado Pago.  ¿Puedo retirar personalmente el pedido? Si, tenes que seleccionar la opción retiro en el domicilio del vendedor. Si no lo encontras habilitado en la publicación, avísanos mediante una pregunta y te adjuntamos el link.  Una vez realizada la compra podrá pasar a retirar su producto o servicio en sucursal de 3 a 5 días hábiles coordinando con nosotros.  ¿Puedo cambiar o devolver el producto una vez que compre? Sí. Tenes 30 días para cambiar el producto en caso de necesitarlo, y 5 días para devolverlo en caso de fallo o defecto de fábrica.  ¿Cómo se realizan los cambios? Se realizan a través de nuestro centro de Atención al cliente (recibirás todos los datos una vez realizada la compra). Horario de atención de lunes a viernes de 08.00 a 18.00 hs.  -------------------------------------------------------  ENVIOS A TODO EL PAÍS EN PRODUCTOS SELECCIONADOS: Los envíos se despachan dentro de las 72hs hábiles a coordinar con el vendedor. En el caso del retiro en las sucursales, el tiempo aproximado es entre 3 y 5 días hábiles, de todos modos puede contactarnos y le daremos toda la información que necesite  -------------------------------------------------------  No realizamos envíos a Misiones y a Tierra del Fuego.  Los combos x4 no cuentan con envió. Solo con retiro en sucursal  Nuestros precios online son exclusivos los precios en sucursales pueden variar.  -------------------------------------------------------  NEUMATICOS: La publicación solo incluye el o los neumáticos, las imagenes son a modo ilustrativo, el valor a abonar no incluye llanta/s.  -------------------------------------------------------  HORARIO DE ATENCION CONTACT CENTER: Todos los días de 8:30 a 23hs.  HORARIO DE ATENCION SUCURSALES: Todos los días de 8:30 a 21hs. Excepto sucursal de Quilmes: Todos los días de 8:30 a 20hs.  -------------------------------------------------------  ¡ATENCION! Su OFERTA es COMPROMISO de compra. Si no está seguro de efectuar la compra, realice las consultas necesarias, estamos a su entera disposición.  -------------------------------------------------------  GARANTIA OFICIAL Todos nuestros productos tienen garantía oficial del fabricante o importador, avalada por la factura de compra.  -------------------------------------------------------  SERVICIOS: los servicios tienen una vigencia de 90 días, a partir de la fecha de compra, para ser realizados en nuestras sucursales.","3409","https://www.shop.norauto.com.ar/MLA-1142078516-3d-wash-n-wax-shampoo-concentrado-con-cera-500cc-_JM#position=1&search_layout=grid&type=item&tracking_id=dc04e596-acb1-4193-beda-a5ae4c81be8c","limpieza-vehiculos"
"Chamoise Grande Sintetico 66x43x0.2mm","","CHAMOISE GRANDE SUPER 66X43X0.2MM  Paño de limpieza sintetico grande, ideal para limpiar vidros, muebles y carroceria del auto. Medidas 66x43x0,2 cm PREGUNTAS FRECUENTES:    ¿Cuánto cuesta el envío? En el caso de no contar con envío gratis o retiro en sucursal. Podes calcular el costo de envío ingresando tu código postal en el icono de Mercado Envíos.  ¿Hacen envíos a contrareembolso? No. El envío de tu compra se concreta una vez acreditado el pago en Mercado Pago.  ¿Puedo retirar personalmente el pedido? Si, tenes que seleccionar la opción retiro en el domicilio del vendedor. Si no lo encontras habilitado en la publicación, avísanos mediante una pregunta y te adjuntamos el link.  Una vez realizada la compra podrá pasar a retirar su producto o servicio en sucursal de 3 a 5 días hábiles coordinando con nosotros.  ¿Puedo cambiar o devolver el producto una vez que compre? Sí. Tenes 30 días para cambiar el producto en caso de necesitarlo, y 5 días para devolverlo en caso de fallo o defecto de fábrica.  ¿Cómo se realizan los cambios? Se realizan a través de nuestro centro de Atención al cliente (recibirás todos los datos una vez realizada la compra). Horario de atención de lunes a viernes de 08.00 a 18.00 hs.  -------------------------------------------------------  ENVIOS A TODO EL PAÍS EN PRODUCTOS SELECCIONADOS: Los envíos se despachan dentro de las 72hs hábiles a coordinar con el vendedor. En el caso del retiro en las sucursales, el tiempo aproximado es entre 3 y 5 días hábiles, de todos modos puede contactarnos y le daremos toda la información que necesite  -------------------------------------------------------  No realizamos envíos a Misiones y a Tierra del Fuego.  Los combos x4 no cuentan con envió. Solo con retiro en sucursal  Nuestros precios online son exclusivos los precios en sucursales pueden variar.  -------------------------------------------------------  NEUMATICOS: La publicación solo incluye el o los neumáticos, las imagenes son a modo ilustrativo, el valor a abonar no incluye llanta/s.  -------------------------------------------------------  HORARIO DE ATENCION CONTACT CENTER: Todos los días de 8:30 a 23hs.  HORARIO DE ATENCION SUCURSALES: Todos los días de 8:30 a 21hs. Excepto sucursal de Quilmes: Todos los días de 8:30 a 20hs.  -------------------------------------------------------  ¡ATENCION! Su OFERTA es COMPROMISO de compra. Si no está seguro de efectuar la compra, realice las consultas necesarias, estamos a su entera disposición.  -------------------------------------------------------  GARANTIA OFICIAL Todos nuestros productos tienen garantía oficial del fabricante o importador, avalada por la factura de compra.  -------------------------------------------------------  SERVICIOS: los servicios tienen una vigencia de 90 días, a partir de la fecha de compra, para ser realizados en nuestras sucursales.","1273","https://www.shop.norauto.com.ar/MLA-922757015-chamoise-grande-sintetico-66x43x02mm-_JM#position=2&search_layout=grid&type=item&tracking_id=9ee0b4fa-9a3f-4c7a-b5f6-7b412e50ec6a","limpieza-vehiculos"
"3d Trim Care Restaurador Revividor De Plásticos Y Moldura","Origen: Estados Unidos|","3D Trim Care es un poderoso gel fortificado con polímeros restauradores diseñados para devolver a su aspecto original todo tipo de plásticos y molduras, brindando protección por 3 meses.  Puede utilizarse tanto en plásticos interiores como exteriores de su vehículo: tableros, paneles de puertas, accesorios, molduras, porta-espejos, paragolpes, etc. 3D Trim Care es un poderoso gel fortificado con polímeros restauradores diseñados para devolver a su aspecto original todo tipo de plásticos y molduras, brindando protección por 3 meses. Su fórmula revive hasta los plásticos más percudidos, devolviendo las superficies tratadas a su condición original, dejando a su paso una capa protectora UV que evita que las superficies continúen deteriorándose por efecto del sol. Trim Care es ideal para plásticos que se han decolorado o han comenzado a perder su brillo debido al daño causado por el sol y el clima. Trim Care es muy fácil de usar, solo debe esparcir el gel sobre el plástico de manera uniforme con una esponja o aplicador. Si al secarse el producto el plástico continua reseco, aplique una segunda capa y deje secar.  Aplicación:  Limpie bien la superficie a restaurar. Para una limpieza profunda, recomendamos utilizar 3D ALL PURPOSE CLEANER  Es importante que la superficie se encuentre totalmente seca antes de aplicar. Aplique 3D TRIM CARE gel en la esponja aplicador o microfibra y esparza el producto sobre la superficie a tratar. Recomendamos realizar un movimiento circular si la superficie tiene una textura rugosa. Deje actuar unos minutos. En caso de superficies muy deterioradas, espere 10 minutos y vuelva a aplicar. Aplique cuantas veces crea necesario. Una vez finalizada la aplicación retire los excesos con un paño de microfibra  Presentacion en 500 cc  Origen: EEUU.  PREGUNTAS FRECUENTES:    ¿Cuánto cuesta el envío? En el caso de no contar con envío gratis o retiro en sucursal. Podes calcular el costo de envío ingresando tu código postal en el icono de Mercado Envíos.  ¿Hacen envíos a contrareembolso? No. El envío de tu compra se concreta una vez acreditado el pago en Mercado Pago.  ¿Puedo retirar personalmente el pedido? Si, tenes que seleccionar la opción retiro en el domicilio del vendedor. Si no lo encontras habilitado en la publicación, avísanos mediante una pregunta y te adjuntamos el link.  Una vez realizada la compra podrá pasar a retirar su producto o servicio en sucursal de 3 a 5 días hábiles coordinando con nosotros.  ¿Puedo cambiar o devolver el producto una vez que compre? Sí. Tenes 30 días para cambiar el producto en caso de necesitarlo, y 5 días para devolverlo en caso de fallo o defecto de fábrica.  ¿Cómo se realizan los cambios? Se realizan a través de nuestro centro de Atención al cliente (recibirás todos los datos una vez realizada la compra). Horario de atención de lunes a viernes de 08.00 a 18.00 hs.  -------------------------------------------------------  ENVIOS A TODO EL PAÍS EN PRODUCTOS SELECCIONADOS: Los envíos se despachan dentro de las 72hs hábiles a coordinar con el vendedor. En el caso del retiro en las sucursales, el tiempo aproximado es entre 3 y 5 días hábiles, de todos modos puede contactarnos y le daremos toda la información que necesite  -------------------------------------------------------  No realizamos envíos a Misiones y a Tierra del Fuego.  Los combos x4 no cuentan con envió. Solo con retiro en sucursal  Nuestros precios online son exclusivos los precios en sucursales pueden variar.  -------------------------------------------------------  NEUMATICOS: La publicación solo incluye el o los neumáticos, las imagenes son a modo ilustrativo, el valor a abonar no incluye llanta/s.  -------------------------------------------------------  HORARIO DE ATENCION CONTACT CENTER: Todos los días de 8:30 a 23hs.  HORARIO DE ATENCION SUCURSALES: Todos los días de 8:30 a 21hs. Excepto sucursal de Quilmes: Todos los días de 8:30 a 20hs.  -------------------------------------------------------  ¡ATENCION! Su OFERTA es COMPROMISO de compra. Si no está seguro de efectuar la compra, realice las consultas necesarias, estamos a su entera disposición.  -------------------------------------------------------  GARANTIA OFICIAL Todos nuestros productos tienen garantía oficial del fabricante o importador, avalada por la factura de compra.  -------------------------------------------------------  SERVICIOS: los servicios tienen una vigencia de 90 días, a partir de la fecha de compra, para ser realizados en nuestras sucursales.","14481","https://www.shop.norauto.com.ar/MLA-1142084525-3d-trim-care-restaurador-revividor-de-plasticos-y-moldura-_JM#position=3&search_layout=grid&type=item&tracking_id=48d6d96c-61bd-4def-875d-a2fcd4808539","limpieza-vehiculos"
"3d Bug Remover Limpiador Removedor De Bichos 750cc Detailing","Origen: Estados Unidos|","3D BUG REMOVER está especialmente diseñado para remover los residuos generados por insectos en todo tipo de superficies. Este producto a base de enzimas remueve rápidamente las manchas producidas por las proteínas de dichos insectos, incluso aquellas adheridas firmemente por efecto del sol o el paso del tiempo.  Aplicación: Rociar previamente la superficie a tratar con agua (es importante que la superficie no se encuentre caliente). Para uso normal, diluir en una proporción de 1:10; para uso intensivo diluir 1:4. Una vez aplicado el producto dejar actuar unos minutos y enjuagar con shampoo 3D PINK CAR SOAP.  ? Presentación de 3/4 Lts: Lista para usar.  Origen EEUU.   PREGUNTAS FRECUENTES:    ¿Cuánto cuesta el envío? En el caso de no contar con envío gratis o retiro en sucursal. Podes calcular el costo de envío ingresando tu código postal en el icono de Mercado Envíos.  ¿Hacen envíos a contrareembolso? No. El envío de tu compra se concreta una vez acreditado el pago en Mercado Pago.  ¿Puedo retirar personalmente el pedido? Si, tenes que seleccionar la opción retiro en el domicilio del vendedor. Si no lo encontras habilitado en la publicación, avísanos mediante una pregunta y te adjuntamos el link.  Una vez realizada la compra podrá pasar a retirar su producto o servicio en sucursal de 3 a 5 días hábiles coordinando con nosotros.  ¿Puedo cambiar o devolver el producto una vez que compre? Sí. Tenes 30 días para cambiar el producto en caso de necesitarlo, y 5 días para devolverlo en caso de fallo o defecto de fábrica.  ¿Cómo se realizan los cambios? Se realizan a través de nuestro centro de Atención al cliente (recibirás todos los datos una vez realizada la compra). Horario de atención de lunes a viernes de 08.00 a 18.00 hs.  -------------------------------------------------------  ENVIOS A TODO EL PAÍS EN PRODUCTOS SELECCIONADOS: Los envíos se despachan dentro de las 72hs hábiles a coordinar con el vendedor. En el caso del retiro en las sucursales, el tiempo aproximado es entre 3 y 5 días hábiles, de todos modos puede contactarnos y le daremos toda la información que necesite  -------------------------------------------------------  No realizamos envíos a Misiones y a Tierra del Fuego.  Los combos x4 no cuentan con envió. Solo con retiro en sucursal  Nuestros precios online son exclusivos los precios en sucursales pueden variar.  -------------------------------------------------------  NEUMATICOS: La publicación solo incluye el o los neumáticos, las imagenes son a modo ilustrativo, el valor a abonar no incluye llanta/s.  -------------------------------------------------------  HORARIO DE ATENCION CONTACT CENTER: Todos los días de 8:30 a 23hs.  HORARIO DE ATENCION SUCURSALES: Todos los días de 8:30 a 21hs. Excepto sucursal de Quilmes: Todos los días de 8:30 a 20hs.  -------------------------------------------------------  ¡ATENCION! Su OFERTA es COMPROMISO de compra. Si no está seguro de efectuar la compra, realice las consultas necesarias, estamos a su entera disposición.  -------------------------------------------------------  GARANTIA OFICIAL Todos nuestros productos tienen garantía oficial del fabricante o importador, avalada por la factura de compra.  -------------------------------------------------------  SERVICIOS: los servicios tienen una vigencia de 90 días, a partir de la fecha de compra, para ser realizados en nuestras sucursales.","2379","https://www.shop.norauto.com.ar/MLA-1142084600-3d-bug-remover-limpiador-removedor-de-bichos-750cc-detailing-_JM#position=4&search_layout=grid&type=item&tracking_id=b39381c3-f770-4d8c-89b9-7ea5078de766","limpieza-vehiculos"
"Guante Multiuso Microfibra Momo","","Guante multiuso microfibra MomoPREGUNTAS FRECUENTES:    ¿Cuánto cuesta el envío? En el caso de no contar con envío gratis o retiro en sucursal. Podes calcular el costo de envío ingresando tu código postal en el icono de Mercado Envíos.  ¿Hacen envíos a contrareembolso? No. El envío de tu compra se concreta una vez acreditado el pago en Mercado Pago.  ¿Puedo retirar personalmente el pedido? Si, tenes que seleccionar la opción retiro en el domicilio del vendedor. Si no lo encontras habilitado en la publicación, avísanos mediante una pregunta y te adjuntamos el link.  Una vez realizada la compra podrá pasar a retirar su producto o servicio en sucursal de 3 a 5 días hábiles coordinando con nosotros.  ¿Puedo cambiar o devolver el producto una vez que compre? Sí. Tenes 30 días para cambiar el producto en caso de necesitarlo, y 5 días para devolverlo en caso de fallo o defecto de fábrica.  ¿Cómo se realizan los cambios? Se realizan a través de nuestro centro de Atención al cliente (recibirás todos los datos una vez realizada la compra). Horario de atención de lunes a viernes de 08.00 a 18.00 hs.  -------------------------------------------------------  ENVIOS A TODO EL PAÍS EN PRODUCTOS SELECCIONADOS: Los envíos se despachan dentro de las 72hs hábiles a coordinar con el vendedor. En el caso del retiro en las sucursales, el tiempo aproximado es entre 3 y 5 días hábiles, de todos modos puede contactarnos y le daremos toda la información que necesite  -------------------------------------------------------  No realizamos envíos a Misiones y a Tierra del Fuego.  Los combos x4 no cuentan con envió. Solo con retiro en sucursal  Nuestros precios online son exclusivos los precios en sucursales pueden variar.  -------------------------------------------------------  NEUMATICOS: La publicación solo incluye el o los neumáticos, las imagenes son a modo ilustrativo, el valor a abonar no incluye llanta/s.  -------------------------------------------------------  HORARIO DE ATENCION CONTACT CENTER: Todos los días de 8:30 a 23hs.  HORARIO DE ATENCION SUCURSALES: Todos los días de 8:30 a 21hs. Excepto sucursal de Quilmes: Todos los días de 8:30 a 20hs.  -------------------------------------------------------  ¡ATENCION! Su OFERTA es COMPROMISO de compra. Si no está seguro de efectuar la compra, realice las consultas necesarias, estamos a su entera disposición.  -------------------------------------------------------  GARANTIA OFICIAL Todos nuestros productos tienen garantía oficial del fabricante o importador, avalada por la factura de compra.  -------------------------------------------------------  SERVICIOS: los servicios tienen una vigencia de 90 días, a partir de la fecha de compra, para ser realizados en nuestras sucursales.","876","https://www.shop.norauto.com.ar/MLA-688008826-guante-multiuso-microfibra-momo-_JM#position=5&search_layout=grid&type=item&tracking_id=a2440099-f894-4af7-86b0-353f90389ca6","limpieza-vehiculos"
"3d Pink Car Soap Shampoo Concentrado Sin Cera Ph Neutro","","3D PINK CAR SOAP  SHAMPOO CONCENTRADO PH NEUTRO - SIN CERA  3D PINK CAR SOAP es un shampoo viscoso súper concentrado que desprende suavemente la tierra y contaminantes sin dañar la pintura de su vehículo.Sus componentes activos encapsulan y remueven los contaminantes adheridos a la pintura sin necesidad de fricción ni esfuerzo, evitando que se produzcan rallas o marcas. Proporciona una espuma muy densa y estable. Este shampoo está especialmente diseñado para no dejar ningún residuo, por lo que es el elegido por profesionales y detailers para limpiar efectivamente la superficie antes de cada trabajo. Funciona tanto al utilizarse en un Lavado a Mano como con maquina hidrolavadora.  Para lavados a mano se debe diluir 10 Mililitros cada 12 Litros de agua.  Contenido 500cc.  PREGUNTAS FRECUENTES:    ¿Cuánto cuesta el envío? En el caso de no contar con envío gratis o retiro en sucursal. Podes calcular el costo de envío ingresando tu código postal en el icono de Mercado Envíos.  ¿Hacen envíos a contrareembolso? No. El envío de tu compra se concreta una vez acreditado el pago en Mercado Pago.  ¿Puedo retirar personalmente el pedido? Si, tenes que seleccionar la opción retiro en el domicilio del vendedor. Si no lo encontras habilitado en la publicación, avísanos mediante una pregunta y te adjuntamos el link.  Una vez realizada la compra podrá pasar a retirar su producto o servicio en sucursal de 3 a 5 días hábiles coordinando con nosotros.  ¿Puedo cambiar o devolver el producto una vez que compre? Sí. Tenes 30 días para cambiar el producto en caso de necesitarlo, y 5 días para devolverlo en caso de fallo o defecto de fábrica.  ¿Cómo se realizan los cambios? Se realizan a través de nuestro centro de Atención al cliente (recibirás todos los datos una vez realizada la compra). Horario de atención de lunes a viernes de 08.00 a 18.00 hs.  -------------------------------------------------------  ENVIOS A TODO EL PAÍS EN PRODUCTOS SELECCIONADOS: Los envíos se despachan dentro de las 72hs hábiles a coordinar con el vendedor. En el caso del retiro en las sucursales, el tiempo aproximado es entre 3 y 5 días hábiles, de todos modos puede contactarnos y le daremos toda la información que necesite  -------------------------------------------------------  No realizamos envíos a Misiones y a Tierra del Fuego.  Los combos x4 no cuentan con envió. Solo con retiro en sucursal  Nuestros precios online son exclusivos los precios en sucursales pueden variar.  -------------------------------------------------------  NEUMATICOS: La publicación solo incluye el o los neumáticos, las imagenes son a modo ilustrativo, el valor a abonar no incluye llanta/s.  -------------------------------------------------------  HORARIO DE ATENCION CONTACT CENTER: Todos los días de 8:30 a 23hs.  HORARIO DE ATENCION SUCURSALES: Todos los días de 8:30 a 21hs. Excepto sucursal de Quilmes: Todos los días de 8:30 a 20hs.  -------------------------------------------------------  ¡ATENCION! Su OFERTA es COMPROMISO de compra. Si no está seguro de efectuar la compra, realice las consultas necesarias, estamos a su entera disposición.  -------------------------------------------------------  GARANTIA OFICIAL Todos nuestros productos tienen garantía oficial del fabricante o importador, avalada por la factura de compra.  -------------------------------------------------------  SERVICIOS: los servicios tienen una vigencia de 90 días, a partir de la fecha de compra, para ser realizados en nuestras sucursales.","3231","https://www.shop.norauto.com.ar/MLA-1142039724-3d-pink-car-soap-shampoo-concentrado-sin-cera-ph-neutro-_JM#position=6&search_layout=grid&type=item&tracking_id=54e41eef-8d02-40d3-85d0-0dfe1144f166","limpieza-vehiculos"
"3d Apc All Purpose Cleaner Limpiador Multiuso 750cc","","ALL PURPOSE CLEANER 3D:  -Es un versátil limpiador multipropósito que funciona en todo tipo de superficies.  -Este limpiador concentrado es la mejor opción para remover suciedad de vinilos, prácticos y alfombras.  -Su disolución de hasta 1 en 10 partes de agua, le dan la versatilidad necesaria para no necesitar otro limpiador desengrasante.  -Ningún trabajo es difícil para este potente desengrasante. Sus agentes limpiadores son perfectos para remover las manchas más comunes como café, tinta, manchas de comida, salitre y manchas de tierra.  -Su uso es seguro en todo tipo de superficies y es 100% biodegradable. Es excelente como pre-desmanchador de lugares críticos antes del lavado.  Aplicación:  Para trabajo liviano, diluir en una proporción de 1 parte de 3D APC en 10 partes de agua. Para trabajo medio, diluir 1:4. Para manchas fuertes: no diluir y aplicar directamente.Una vez diluido, rocíe una pequeña cantidad en la superficie a limpiar. Para limpieza de alfombras, recomendamos fregar con un cepillo suave. Seque con su paño de microfibra favorito al aplicar en exteriores aplique sobre la superficie, deje actuar unos segundos, lave para neutralizar y al secar con su microfibra observara la superficie limpia y libre de manchas.  ? Presentación de 3/4 Lts: Lista para usar.  PREGUNTAS FRECUENTES:    ¿Cuánto cuesta el envío? En el caso de no contar con envío gratis o retiro en sucursal. Podes calcular el costo de envío ingresando tu código postal en el icono de Mercado Envíos.  ¿Hacen envíos a contrareembolso? No. El envío de tu compra se concreta una vez acreditado el pago en Mercado Pago.  ¿Puedo retirar personalmente el pedido? Si, tenes que seleccionar la opción retiro en el domicilio del vendedor. Si no lo encontras habilitado en la publicación, avísanos mediante una pregunta y te adjuntamos el link.  Una vez realizada la compra podrá pasar a retirar su producto o servicio en sucursal de 3 a 5 días hábiles coordinando con nosotros.  ¿Puedo cambiar o devolver el producto una vez que compre? Sí. Tenes 30 días para cambiar el producto en caso de necesitarlo, y 5 días para devolverlo en caso de fallo o defecto de fábrica.  ¿Cómo se realizan los cambios? Se realizan a través de nuestro centro de Atención al cliente (recibirás todos los datos una vez realizada la compra). Horario de atención de lunes a viernes de 08.00 a 18.00 hs.  -------------------------------------------------------  ENVIOS A TODO EL PAÍS EN PRODUCTOS SELECCIONADOS: Los envíos se despachan dentro de las 72hs hábiles a coordinar con el vendedor. En el caso del retiro en las sucursales, el tiempo aproximado es entre 3 y 5 días hábiles, de todos modos puede contactarnos y le daremos toda la información que necesite  -------------------------------------------------------  No realizamos envíos a Misiones y a Tierra del Fuego.  Los combos x4 no cuentan con envió. Solo con retiro en sucursal  Nuestros precios online son exclusivos los precios en sucursales pueden variar.  -------------------------------------------------------  NEUMATICOS: La publicación solo incluye el o los neumáticos, las imagenes son a modo ilustrativo, el valor a abonar no incluye llanta/s.  -------------------------------------------------------  HORARIO DE ATENCION CONTACT CENTER: Todos los días de 8:30 a 23hs.  HORARIO DE ATENCION SUCURSALES: Todos los días de 8:30 a 21hs. Excepto sucursal de Quilmes: Todos los días de 8:30 a 20hs.  -------------------------------------------------------  ¡ATENCION! Su OFERTA es COMPROMISO de compra. Si no está seguro de efectuar la compra, realice las consultas necesarias, estamos a su entera disposición.  -------------------------------------------------------  GARANTIA OFICIAL Todos nuestros productos tienen garantía oficial del fabricante o importador, avalada por la factura de compra.  -------------------------------------------------------  SERVICIOS: los servicios tienen una vigencia de 90 días, a partir de la fecha de compra, para ser realizados en nuestras sucursales.","2379","https://www.shop.norauto.com.ar/MLA-1142084602-3d-apc-all-purpose-cleaner-limpiador-multiuso-750cc-_JM#position=7&search_layout=grid&type=item&tracking_id=f43c5852-855a-4d1f-8547-31884e734bcf","limpieza-vehiculos"
"Bardahl Limpia Radiador 350cc","","BARDAHL LIMPIA RADIADOR 350CC  Evita inconvenientes en la refrigeración del motor. Limpia totalmente radiadores, blocks, tapas de cilindro y conductos de circulación de agua. Elimina rápidamente el óxido adherido a las paredes del radiador.PREGUNTAS FRECUENTES:    ¿Cuánto cuesta el envío? En el caso de no contar con envío gratis o retiro en sucursal. Podes calcular el costo de envío ingresando tu código postal en el icono de Mercado Envíos.  ¿Hacen envíos a contrareembolso? No. El envío de tu compra se concreta una vez acreditado el pago en Mercado Pago.  ¿Puedo retirar personalmente el pedido? Si, tenes que seleccionar la opción retiro en el domicilio del vendedor. Si no lo encontras habilitado en la publicación, avísanos mediante una pregunta y te adjuntamos el link.  Una vez realizada la compra podrá pasar a retirar su producto o servicio en sucursal de 3 a 5 días hábiles coordinando con nosotros.  ¿Puedo cambiar o devolver el producto una vez que compre? Sí. Tenes 30 días para cambiar el producto en caso de necesitarlo, y 5 días para devolverlo en caso de fallo o defecto de fábrica.  ¿Cómo se realizan los cambios? Se realizan a través de nuestro centro de Atención al cliente (recibirás todos los datos una vez realizada la compra). Horario de atención de lunes a viernes de 08.00 a 18.00 hs.  -------------------------------------------------------  ENVIOS A TODO EL PAÍS EN PRODUCTOS SELECCIONADOS: Los envíos se despachan dentro de las 72hs hábiles a coordinar con el vendedor. En el caso del retiro en las sucursales, el tiempo aproximado es entre 3 y 5 días hábiles, de todos modos puede contactarnos y le daremos toda la información que necesite  -------------------------------------------------------  No realizamos envíos a Misiones y a Tierra del Fuego.  Los combos x4 no cuentan con envió. Solo con retiro en sucursal  Nuestros precios online son exclusivos los precios en sucursales pueden variar.  -------------------------------------------------------  NEUMATICOS: La publicación solo incluye el o los neumáticos, las imagenes son a modo ilustrativo, el valor a abonar no incluye llanta/s.  -------------------------------------------------------  HORARIO DE ATENCION CONTACT CENTER: Todos los días de 8:30 a 23hs.  HORARIO DE ATENCION SUCURSALES: Todos los días de 8:30 a 21hs. Excepto sucursal de Quilmes: Todos los días de 8:30 a 20hs.  -------------------------------------------------------  ¡ATENCION! Su OFERTA es COMPROMISO de compra. Si no está seguro de efectuar la compra, realice las consultas necesarias, estamos a su entera disposición.  -------------------------------------------------------  GARANTIA OFICIAL Todos nuestros productos tienen garantía oficial del fabricante o importador, avalada por la factura de compra.  -------------------------------------------------------  SERVICIOS: los servicios tienen una vigencia de 90 días, a partir de la fecha de compra, para ser realizados en nuestras sucursales.","1031","https://www.shop.norauto.com.ar/MLA-847652741-bardahl-limpia-radiador-350cc-_JM#position=8&search_layout=grid&type=item&tracking_id=df668211-fe4b-47b7-af47-56122b2d835b","limpieza-vehiculos"
"Aspiradora Para Auto Chica","Tipos de aspiradora y limpiadora a vapor: De mano|Es apto para líquido: No|Es inalámbrico: No|Es industrial: No|Incluye filtros reutilizables: Sí|","ASPIRADORA PARA AUTO CHICA  ALIMENTACION: DC 12V - 5 AMPERES CABLE DE ALIMENTACION: 3MTS CON CONECTOR A ENCENDEDOR ACCESORIOS: 1 BOQUILLA DE LIMPIEZA BAJO CONSUMO DE ENERGIA CERTIFICADO BAJO NORMAS ROHS PREGUNTAS FRECUENTES:    ¿Cuánto cuesta el envío? En el caso de no contar con envío gratis o retiro en sucursal. Podes calcular el costo de envío ingresando tu código postal en el icono de Mercado Envíos.  ¿Hacen envíos a contrareembolso? No. El envío de tu compra se concreta una vez acreditado el pago en Mercado Pago.  ¿Puedo retirar personalmente el pedido? Si, tenes que seleccionar la opción retiro en el domicilio del vendedor. Si no lo encontras habilitado en la publicación, avísanos mediante una pregunta y te adjuntamos el link.  Una vez realizada la compra podrá pasar a retirar su producto o servicio en sucursal de 3 a 5 días hábiles coordinando con nosotros.  ¿Puedo cambiar o devolver el producto una vez que compre? Sí. Tenes 30 días para cambiar el producto en caso de necesitarlo, y 5 días para devolverlo en caso de fallo o defecto de fábrica.  ¿Cómo se realizan los cambios? Se realizan a través de nuestro centro de Atención al cliente (recibirás todos los datos una vez realizada la compra). Horario de atención de lunes a viernes de 08.00 a 18.00 hs.  -------------------------------------------------------  ENVIOS A TODO EL PAÍS EN PRODUCTOS SELECCIONADOS: Los envíos se despachan dentro de las 72hs hábiles a coordinar con el vendedor. En el caso del retiro en las sucursales, el tiempo aproximado es entre 3 y 5 días hábiles, de todos modos puede contactarnos y le daremos toda la información que necesite  -------------------------------------------------------  No realizamos envíos a Misiones y a Tierra del Fuego.  Los combos x4 no cuentan con envió. Solo con retiro en sucursal  Nuestros precios online son exclusivos los precios en sucursales pueden variar.  -------------------------------------------------------  NEUMATICOS: La publicación solo incluye el o los neumáticos, las imagenes son a modo ilustrativo, el valor a abonar no incluye llanta/s.  -------------------------------------------------------  HORARIO DE ATENCION CONTACT CENTER: Todos los días de 8:30 a 23hs.  HORARIO DE ATENCION SUCURSALES: Todos los días de 8:30 a 21hs. Excepto sucursal de Quilmes: Todos los días de 8:30 a 20hs.  -------------------------------------------------------  ¡ATENCION! Su OFERTA es COMPROMISO de compra. Si no está seguro de efectuar la compra, realice las consultas necesarias, estamos a su entera disposición.  -------------------------------------------------------  GARANTIA OFICIAL Todos nuestros productos tienen garantía oficial del fabricante o importador, avalada por la factura de compra.  -------------------------------------------------------  SERVICIOS: los servicios tienen una vigencia de 90 días, a partir de la fecha de compra, para ser realizados en nuestras sucursales.","3600","https://www.shop.norauto.com.ar/MLA-878126684-aspiradora-para-auto-chica-_JM#position=9&search_layout=grid&type=item&tracking_id=ecf73f76-1385-44db-ac61-6924ef0b15e4","limpieza-vehiculos"
"Revividor De Plasticos Y Gomas Liquido K78 5 Lts Negro","","Revividor de gomas y plásticos  -- No se adhiere la tierra -- Aromatizado -- Da brillo y protección -- Para uso Profesional -- Bidon de 5 litros -- Precio por unidad  Es un producto especialmente formulado para restaurar neumáticos, gomas, plásticos y vinilos del automotor. Revive el color original de la superficie tratada y genera brillo satinado y protección instantanea. Disfrutá de su irresistible aroma Cherry durante su aplicación.  Modo de uso: 1- Agitar el envase antes de usar. 2- Aplicar en superficies limpias y secas en forma suave y pareja. Repasar para emparejar.  PREGUNTAS FRECUENTES:    ¿Cuánto cuesta el envío? En el caso de no contar con envío gratis o retiro en sucursal. Podes calcular el costo de envío ingresando tu código postal en el icono de Mercado Envíos.  ¿Hacen envíos a contrareembolso? No. El envío de tu compra se concreta una vez acreditado el pago en Mercado Pago.  ¿Puedo retirar personalmente el pedido? Si, tenes que seleccionar la opción retiro en el domicilio del vendedor. Si no lo encontras habilitado en la publicación, avísanos mediante una pregunta y te adjuntamos el link.  Una vez realizada la compra podrá pasar a retirar su producto o servicio en sucursal de 3 a 5 días hábiles coordinando con nosotros.  ¿Puedo cambiar o devolver el producto una vez que compre? Sí. Tenes 30 días para cambiar el producto en caso de necesitarlo, y 5 días para devolverlo en caso de fallo o defecto de fábrica.  ¿Cómo se realizan los cambios? Se realizan a través de nuestro centro de Atención al cliente (recibirás todos los datos una vez realizada la compra). Horario de atención de lunes a viernes de 08.00 a 18.00 hs.  -------------------------------------------------------  ENVIOS A TODO EL PAÍS EN PRODUCTOS SELECCIONADOS: Los envíos se despachan dentro de las 72hs hábiles a coordinar con el vendedor. En el caso del retiro en las sucursales, el tiempo aproximado es entre 3 y 5 días hábiles, de todos modos puede contactarnos y le daremos toda la información que necesite  -------------------------------------------------------  No realizamos envíos a Misiones y a Tierra del Fuego.  Los combos x4 no cuentan con envió. Solo con retiro en sucursal  Nuestros precios online son exclusivos los precios en sucursales pueden variar.  -------------------------------------------------------  NEUMATICOS: La publicación solo incluye el o los neumáticos, las imagenes son a modo ilustrativo, el valor a abonar no incluye llanta/s.  -------------------------------------------------------  HORARIO DE ATENCION CONTACT CENTER: Todos los días de 8:30 a 23hs.  HORARIO DE ATENCION SUCURSALES: Todos los días de 8:30 a 21hs. Excepto sucursal de Quilmes: Todos los días de 8:30 a 20hs.  -------------------------------------------------------  ¡ATENCION! Su OFERTA es COMPROMISO de compra. Si no está seguro de efectuar la compra, realice las consultas necesarias, estamos a su entera disposición.  -------------------------------------------------------  GARANTIA OFICIAL Todos nuestros productos tienen garantía oficial del fabricante o importador, avalada por la factura de compra.  -------------------------------------------------------  SERVICIOS: los servicios tienen una vigencia de 90 días, a partir de la fecha de compra, para ser realizados en nuestras sucursales.","3665","https://www.shop.norauto.com.ar/MLA-1141189877-revividor-de-plasticos-y-gomas-liquido-k78-5-lts-negro-_JM#position=10&search_layout=grid&type=item&tracking_id=c4e400f7-e0aa-47a4-bd64-056d73a2e66b","limpieza-vehiculos"
"3d Detailing Ready Mix Limpia Vidrios Glass Cleaner 500cc","Origen: Estados Unidos|Es inflamable: No|","LIMPIAVIDRIOS  Excelente limpiador de vidrio a base de etanol, elimina la grasitud y toda la suciedad pegada. 3D Ready Mix Glass Cleaner es un limpiador de cristales profesional que cualquier persona o detailer calificado debe utilizar. Está hecho de ingredientes naturales de acción rápida, puede rociar directamente el limpiador en el vidrio del coche utilizando una toalla de microfibra limpia y limpiar para no causar rayas. Está especialmente formulado para deshacerse de la grasa y la suciedad resistente.  CONTENIDO: 500 ML.  PREGUNTAS FRECUENTES:    ¿Cuánto cuesta el envío? En el caso de no contar con envío gratis o retiro en sucursal. Podes calcular el costo de envío ingresando tu código postal en el icono de Mercado Envíos.  ¿Hacen envíos a contrareembolso? No. El envío de tu compra se concreta una vez acreditado el pago en Mercado Pago.  ¿Puedo retirar personalmente el pedido? Si, tenes que seleccionar la opción retiro en el domicilio del vendedor. Si no lo encontras habilitado en la publicación, avísanos mediante una pregunta y te adjuntamos el link.  Una vez realizada la compra podrá pasar a retirar su producto o servicio en sucursal de 3 a 5 días hábiles coordinando con nosotros.  ¿Puedo cambiar o devolver el producto una vez que compre? Sí. Tenes 30 días para cambiar el producto en caso de necesitarlo, y 5 días para devolverlo en caso de fallo o defecto de fábrica.  ¿Cómo se realizan los cambios? Se realizan a través de nuestro centro de Atención al cliente (recibirás todos los datos una vez realizada la compra). Horario de atención de lunes a viernes de 08.00 a 18.00 hs.  -------------------------------------------------------  ENVIOS A TODO EL PAÍS EN PRODUCTOS SELECCIONADOS: Los envíos se despachan dentro de las 72hs hábiles a coordinar con el vendedor. En el caso del retiro en las sucursales, el tiempo aproximado es entre 3 y 5 días hábiles, de todos modos puede contactarnos y le daremos toda la información que necesite  -------------------------------------------------------  No realizamos envíos a Misiones y a Tierra del Fuego.  Los combos x4 no cuentan con envió. Solo con retiro en sucursal  Nuestros precios online son exclusivos los precios en sucursales pueden variar.  -------------------------------------------------------  NEUMATICOS: La publicación solo incluye el o los neumáticos, las imagenes son a modo ilustrativo, el valor a abonar no incluye llanta/s.  -------------------------------------------------------  HORARIO DE ATENCION CONTACT CENTER: Todos los días de 8:30 a 23hs.  HORARIO DE ATENCION SUCURSALES: Todos los días de 8:30 a 21hs. Excepto sucursal de Quilmes: Todos los días de 8:30 a 20hs.  -------------------------------------------------------  ¡ATENCION! Su OFERTA es COMPROMISO de compra. Si no está seguro de efectuar la compra, realice las consultas necesarias, estamos a su entera disposición.  -------------------------------------------------------  GARANTIA OFICIAL Todos nuestros productos tienen garantía oficial del fabricante o importador, avalada por la factura de compra.  -------------------------------------------------------  SERVICIOS: los servicios tienen una vigencia de 90 días, a partir de la fecha de compra, para ser realizados en nuestras sucursales.","2061","https://www.shop.norauto.com.ar/MLA-1142033485-3d-detailing-ready-mix-limpia-vidrios-glass-cleaner-500cc-_JM#position=11&search_layout=grid&type=item&tracking_id=bcb1ee54-d83b-4328-b87a-bcec351bb99d","limpieza-vehiculos"
"3d Lvp Conditioner Acondicionador Limpiador De Cueros","","Descripción:  Acondicionador Cueros  PROTECTOR DE CUEROS Y VINILOS - AROMA A CUERO  LVP Conditioner limpia, acondiciona y protege el cuero, el vinilo y el plástico en un solo paso. Este producto está hecho con aceite de Vison para crear suavidad adicional y extender la vida útil del cuero, el vinilo y el plástico, protegiendo a la vez de los rayos UV. La luz solar y el calor secarán todos los asientos de cuero, tableros de instrumentos y / o paneles de puertas de un vehículo, acortando la vida del interior de su vehículo mucho más rápido si no se trata. LVP Conditioner se absorbe para dejar una superficie suave, sin grasitud, ni brillo extra para restaurar la humedad en el interior de cualquier vehículo.  PREGUNTAS FRECUENTES:    ¿Cuánto cuesta el envío? En el caso de no contar con envío gratis o retiro en sucursal. Podes calcular el costo de envío ingresando tu código postal en el icono de Mercado Envíos.  ¿Hacen envíos a contrareembolso? No. El envío de tu compra se concreta una vez acreditado el pago en Mercado Pago.  ¿Puedo retirar personalmente el pedido? Si, tenes que seleccionar la opción retiro en el domicilio del vendedor. Si no lo encontras habilitado en la publicación, avísanos mediante una pregunta y te adjuntamos el link.  Una vez realizada la compra podrá pasar a retirar su producto o servicio en sucursal de 3 a 5 días hábiles coordinando con nosotros.  ¿Puedo cambiar o devolver el producto una vez que compre? Sí. Tenes 30 días para cambiar el producto en caso de necesitarlo, y 5 días para devolverlo en caso de fallo o defecto de fábrica.  ¿Cómo se realizan los cambios? Se realizan a través de nuestro centro de Atención al cliente (recibirás todos los datos una vez realizada la compra). Horario de atención de lunes a viernes de 08.00 a 18.00 hs.  -------------------------------------------------------  ENVIOS A TODO EL PAÍS EN PRODUCTOS SELECCIONADOS: Los envíos se despachan dentro de las 72hs hábiles a coordinar con el vendedor. En el caso del retiro en las sucursales, el tiempo aproximado es entre 3 y 5 días hábiles, de todos modos puede contactarnos y le daremos toda la información que necesite  -------------------------------------------------------  No realizamos envíos a Misiones y a Tierra del Fuego.  Los combos x4 no cuentan con envió. Solo con retiro en sucursal  Nuestros precios online son exclusivos los precios en sucursales pueden variar.  -------------------------------------------------------  NEUMATICOS: La publicación solo incluye el o los neumáticos, las imagenes son a modo ilustrativo, el valor a abonar no incluye llanta/s.  -------------------------------------------------------  HORARIO DE ATENCION CONTACT CENTER: Todos los días de 8:30 a 23hs.  HORARIO DE ATENCION SUCURSALES: Todos los días de 8:30 a 21hs. Excepto sucursal de Quilmes: Todos los días de 8:30 a 20hs.  -------------------------------------------------------  ¡ATENCION! Su OFERTA es COMPROMISO de compra. Si no está seguro de efectuar la compra, realice las consultas necesarias, estamos a su entera disposición.  -------------------------------------------------------  GARANTIA OFICIAL Todos nuestros productos tienen garantía oficial del fabricante o importador, avalada por la factura de compra.  -------------------------------------------------------  SERVICIOS: los servicios tienen una vigencia de 90 días, a partir de la fecha de compra, para ser realizados en nuestras sucursales.","5337","https://www.shop.norauto.com.ar/MLA-1142071919-3d-lvp-conditioner-acondicionador-limpiador-de-cueros-_JM#position=12&search_layout=grid&type=item&tracking_id=4b819bba-777b-408d-bddc-c1f69a388528","limpieza-vehiculos"
"Pad De Pulido 3 Corte Suave","","PAD DE PULIDO 3"" CORTE SUAVE  Pad 3´ flat gris corte suave. De dureza media. Con velcro. Ideal para trabajar en un solo paso, eliminando defectos de la superficie no tan graves restaurándolos y otorgando sorprendentes niveles de claridad y brillo. Se puede usar para pulir ópticas o plásticos.PREGUNTAS FRECUENTES:    ¿Cuánto cuesta el envío? En el caso de no contar con envío gratis o retiro en sucursal. Podes calcular el costo de envío ingresando tu código postal en el icono de Mercado Envíos.  ¿Hacen envíos a contrareembolso? No. El envío de tu compra se concreta una vez acreditado el pago en Mercado Pago.  ¿Puedo retirar personalmente el pedido? Si, tenes que seleccionar la opción retiro en el domicilio del vendedor. Si no lo encontras habilitado en la publicación, avísanos mediante una pregunta y te adjuntamos el link.  Una vez realizada la compra podrá pasar a retirar su producto o servicio en sucursal de 3 a 5 días hábiles coordinando con nosotros.  ¿Puedo cambiar o devolver el producto una vez que compre? Sí. Tenes 30 días para cambiar el producto en caso de necesitarlo, y 5 días para devolverlo en caso de fallo o defecto de fábrica.  ¿Cómo se realizan los cambios? Se realizan a través de nuestro centro de Atención al cliente (recibirás todos los datos una vez realizada la compra). Horario de atención de lunes a viernes de 08.00 a 18.00 hs.  -------------------------------------------------------  ENVIOS A TODO EL PAÍS EN PRODUCTOS SELECCIONADOS: Los envíos se despachan dentro de las 72hs hábiles a coordinar con el vendedor. En el caso del retiro en las sucursales, el tiempo aproximado es entre 3 y 5 días hábiles, de todos modos puede contactarnos y le daremos toda la información que necesite  -------------------------------------------------------  No realizamos envíos a Misiones y a Tierra del Fuego.  Los combos x4 no cuentan con envió. Solo con retiro en sucursal  Nuestros precios online son exclusivos los precios en sucursales pueden variar.  -------------------------------------------------------  NEUMATICOS: La publicación solo incluye el o los neumáticos, las imagenes son a modo ilustrativo, el valor a abonar no incluye llanta/s.  -------------------------------------------------------  HORARIO DE ATENCION CONTACT CENTER: Todos los días de 8:30 a 23hs.  HORARIO DE ATENCION SUCURSALES: Todos los días de 8:30 a 21hs. Excepto sucursal de Quilmes: Todos los días de 8:30 a 20hs.  -------------------------------------------------------  ¡ATENCION! Su OFERTA es COMPROMISO de compra. Si no está seguro de efectuar la compra, realice las consultas necesarias, estamos a su entera disposición.  -------------------------------------------------------  GARANTIA OFICIAL Todos nuestros productos tienen garantía oficial del fabricante o importador, avalada por la factura de compra.  -------------------------------------------------------  SERVICIOS: los servicios tienen una vigencia de 90 días, a partir de la fecha de compra, para ser realizados en nuestras sucursales.","1391","https://www.shop.norauto.com.ar/MLA-918924525-pad-de-pulido-3-corte-suave-_JM#position=13&search_layout=grid&type=item&tracking_id=17a8029f-88d7-40ac-aaa8-38a43532f088","limpieza-vehiculos"
"Pad Pulido Orbital 6 Corte Alto/duro","","PAD PULIDO ORBITAL 6"" CORTE ALTO/DURO  Pad de pulido orbital. foam 6´verde corte alto. PREGUNTAS FRECUENTES:    ¿Cuánto cuesta el envío? En el caso de no contar con envío gratis o retiro en sucursal. Podes calcular el costo de envío ingresando tu código postal en el icono de Mercado Envíos.  ¿Hacen envíos a contrareembolso? No. El envío de tu compra se concreta una vez acreditado el pago en Mercado Pago.  ¿Puedo retirar personalmente el pedido? Si, tenes que seleccionar la opción retiro en el domicilio del vendedor. Si no lo encontras habilitado en la publicación, avísanos mediante una pregunta y te adjuntamos el link.  Una vez realizada la compra podrá pasar a retirar su producto o servicio en sucursal de 3 a 5 días hábiles coordinando con nosotros.  ¿Puedo cambiar o devolver el producto una vez que compre? Sí. Tenes 30 días para cambiar el producto en caso de necesitarlo, y 5 días para devolverlo en caso de fallo o defecto de fábrica.  ¿Cómo se realizan los cambios? Se realizan a través de nuestro centro de Atención al cliente (recibirás todos los datos una vez realizada la compra). Horario de atención de lunes a viernes de 08.00 a 18.00 hs.  -------------------------------------------------------  ENVIOS A TODO EL PAÍS EN PRODUCTOS SELECCIONADOS: Los envíos se despachan dentro de las 72hs hábiles a coordinar con el vendedor. En el caso del retiro en las sucursales, el tiempo aproximado es entre 3 y 5 días hábiles, de todos modos puede contactarnos y le daremos toda la información que necesite  -------------------------------------------------------  No realizamos envíos a Misiones y a Tierra del Fuego.  Los combos x4 no cuentan con envió. Solo con retiro en sucursal  Nuestros precios online son exclusivos los precios en sucursales pueden variar.  -------------------------------------------------------  NEUMATICOS: La publicación solo incluye el o los neumáticos, las imagenes son a modo ilustrativo, el valor a abonar no incluye llanta/s.  -------------------------------------------------------  HORARIO DE ATENCION CONTACT CENTER: Todos los días de 8:30 a 23hs.  HORARIO DE ATENCION SUCURSALES: Todos los días de 8:30 a 21hs. Excepto sucursal de Quilmes: Todos los días de 8:30 a 20hs.  -------------------------------------------------------  ¡ATENCION! Su OFERTA es COMPROMISO de compra. Si no está seguro de efectuar la compra, realice las consultas necesarias, estamos a su entera disposición.  -------------------------------------------------------  GARANTIA OFICIAL Todos nuestros productos tienen garantía oficial del fabricante o importador, avalada por la factura de compra.  -------------------------------------------------------  SERVICIOS: los servicios tienen una vigencia de 90 días, a partir de la fecha de compra, para ser realizados en nuestras sucursales.","3424","https://www.shop.norauto.com.ar/MLA-920701220-pad-pulido-orbital-6-corte-altoduro-_JM#position=14&search_layout=grid&type=item&tracking_id=6a67a5be-4392-47c1-b2e8-6f91568f3460","limpieza-vehiculos"
"Pad De Pulido 3 Corte Alto/me","","PAD DE PULIDO 3"" CORTE ALTO/MEDIO  Pad 3´ flat amarillo corte alto. De dureza media. Con velcro. Ideal para trabajar en un solo paso, eliminando defectos de la superficie no tan graves restaurándolos y otorgando sorprendentes niveles de claridad y brillo. Se puede usar para pulir ópticas o plásticos.PREGUNTAS FRECUENTES:    ¿Cuánto cuesta el envío? En el caso de no contar con envío gratis o retiro en sucursal. Podes calcular el costo de envío ingresando tu código postal en el icono de Mercado Envíos.  ¿Hacen envíos a contrareembolso? No. El envío de tu compra se concreta una vez acreditado el pago en Mercado Pago.  ¿Puedo retirar personalmente el pedido? Si, tenes que seleccionar la opción retiro en el domicilio del vendedor. Si no lo encontras habilitado en la publicación, avísanos mediante una pregunta y te adjuntamos el link.  Una vez realizada la compra podrá pasar a retirar su producto o servicio en sucursal de 3 a 5 días hábiles coordinando con nosotros.  ¿Puedo cambiar o devolver el producto una vez que compre? Sí. Tenes 30 días para cambiar el producto en caso de necesitarlo, y 5 días para devolverlo en caso de fallo o defecto de fábrica.  ¿Cómo se realizan los cambios? Se realizan a través de nuestro centro de Atención al cliente (recibirás todos los datos una vez realizada la compra). Horario de atención de lunes a viernes de 08.00 a 18.00 hs.  -------------------------------------------------------  ENVIOS A TODO EL PAÍS EN PRODUCTOS SELECCIONADOS: Los envíos se despachan dentro de las 72hs hábiles a coordinar con el vendedor. En el caso del retiro en las sucursales, el tiempo aproximado es entre 3 y 5 días hábiles, de todos modos puede contactarnos y le daremos toda la información que necesite  -------------------------------------------------------  No realizamos envíos a Misiones y a Tierra del Fuego.  Los combos x4 no cuentan con envió. Solo con retiro en sucursal  Nuestros precios online son exclusivos los precios en sucursales pueden variar.  -------------------------------------------------------  NEUMATICOS: La publicación solo incluye el o los neumáticos, las imagenes son a modo ilustrativo, el valor a abonar no incluye llanta/s.  -------------------------------------------------------  HORARIO DE ATENCION CONTACT CENTER: Todos los días de 8:30 a 23hs.  HORARIO DE ATENCION SUCURSALES: Todos los días de 8:30 a 21hs. Excepto sucursal de Quilmes: Todos los días de 8:30 a 20hs.  -------------------------------------------------------  ¡ATENCION! Su OFERTA es COMPROMISO de compra. Si no está seguro de efectuar la compra, realice las consultas necesarias, estamos a su entera disposición.  -------------------------------------------------------  GARANTIA OFICIAL Todos nuestros productos tienen garantía oficial del fabricante o importador, avalada por la factura de compra.  -------------------------------------------------------  SERVICIOS: los servicios tienen una vigencia de 90 días, a partir de la fecha de compra, para ser realizados en nuestras sucursales.","1391","https://www.shop.norauto.com.ar/MLA-918923371-pad-de-pulido-3-corte-altome-_JM#position=15&search_layout=grid&type=item&tracking_id=a06be2fa-4295-4d37-ae99-908c87a85ce5","limpieza-vehiculos"
"Pad Pulido Orbital 6 Corte Alto/medio","","PAD PULIDO ORBITAL 6"" CORTE ALTO/MEDIO  Pad de pulido orbital. foam 6´amarillo corte alto. PREGUNTAS FRECUENTES:    ¿Cuánto cuesta el envío? En el caso de no contar con envío gratis o retiro en sucursal. Podes calcular el costo de envío ingresando tu código postal en el icono de Mercado Envíos.  ¿Hacen envíos a contrareembolso? No. El envío de tu compra se concreta una vez acreditado el pago en Mercado Pago.  ¿Puedo retirar personalmente el pedido? Si, tenes que seleccionar la opción retiro en el domicilio del vendedor. Si no lo encontras habilitado en la publicación, avísanos mediante una pregunta y te adjuntamos el link.  Una vez realizada la compra podrá pasar a retirar su producto o servicio en sucursal de 3 a 5 días hábiles coordinando con nosotros.  ¿Puedo cambiar o devolver el producto una vez que compre? Sí. Tenes 30 días para cambiar el producto en caso de necesitarlo, y 5 días para devolverlo en caso de fallo o defecto de fábrica.  ¿Cómo se realizan los cambios? Se realizan a través de nuestro centro de Atención al cliente (recibirás todos los datos una vez realizada la compra). Horario de atención de lunes a viernes de 08.00 a 18.00 hs.  -------------------------------------------------------  ENVIOS A TODO EL PAÍS EN PRODUCTOS SELECCIONADOS: Los envíos se despachan dentro de las 72hs hábiles a coordinar con el vendedor. En el caso del retiro en las sucursales, el tiempo aproximado es entre 3 y 5 días hábiles, de todos modos puede contactarnos y le daremos toda la información que necesite  -------------------------------------------------------  No realizamos envíos a Misiones y a Tierra del Fuego.  Los combos x4 no cuentan con envió. Solo con retiro en sucursal  Nuestros precios online son exclusivos los precios en sucursales pueden variar.  -------------------------------------------------------  NEUMATICOS: La publicación solo incluye el o los neumáticos, las imagenes son a modo ilustrativo, el valor a abonar no incluye llanta/s.  -------------------------------------------------------  HORARIO DE ATENCION CONTACT CENTER: Todos los días de 8:30 a 23hs.  HORARIO DE ATENCION SUCURSALES: Todos los días de 8:30 a 21hs. Excepto sucursal de Quilmes: Todos los días de 8:30 a 20hs.  -------------------------------------------------------  ¡ATENCION! Su OFERTA es COMPROMISO de compra. Si no está seguro de efectuar la compra, realice las consultas necesarias, estamos a su entera disposición.  -------------------------------------------------------  GARANTIA OFICIAL Todos nuestros productos tienen garantía oficial del fabricante o importador, avalada por la factura de compra.  -------------------------------------------------------  SERVICIOS: los servicios tienen una vigencia de 90 días, a partir de la fecha de compra, para ser realizados en nuestras sucursales.","3424","https://www.shop.norauto.com.ar/MLA-920691133-pad-pulido-orbital-6-corte-altomedio-_JM#position=16&search_layout=grid&type=item&tracking_id=43b9d62d-83b2-4447-9bf9-e0622470a88f","limpieza-vehiculos"
"Pad De Pulido 3 Corte Me/fino","","PAD DE PULIDO 3"" CORTE ME/FINO  Pad 3´ flat naranja corte medio. De dureza media. Con velcro. Ideal para trabajar en un solo paso, eliminando defectos de la superficie no tan graves restaurándolos y otorgando sorprendentes niveles de claridad y brillo. Se puede usar para pulir ópticas o plásticos.PREGUNTAS FRECUENTES:    ¿Cuánto cuesta el envío? En el caso de no contar con envío gratis o retiro en sucursal. Podes calcular el costo de envío ingresando tu código postal en el icono de Mercado Envíos.  ¿Hacen envíos a contrareembolso? No. El envío de tu compra se concreta una vez acreditado el pago en Mercado Pago.  ¿Puedo retirar personalmente el pedido? Si, tenes que seleccionar la opción retiro en el domicilio del vendedor. Si no lo encontras habilitado en la publicación, avísanos mediante una pregunta y te adjuntamos el link.  Una vez realizada la compra podrá pasar a retirar su producto o servicio en sucursal de 3 a 5 días hábiles coordinando con nosotros.  ¿Puedo cambiar o devolver el producto una vez que compre? Sí. Tenes 30 días para cambiar el producto en caso de necesitarlo, y 5 días para devolverlo en caso de fallo o defecto de fábrica.  ¿Cómo se realizan los cambios? Se realizan a través de nuestro centro de Atención al cliente (recibirás todos los datos una vez realizada la compra). Horario de atención de lunes a viernes de 08.00 a 18.00 hs.  -------------------------------------------------------  ENVIOS A TODO EL PAÍS EN PRODUCTOS SELECCIONADOS: Los envíos se despachan dentro de las 72hs hábiles a coordinar con el vendedor. En el caso del retiro en las sucursales, el tiempo aproximado es entre 3 y 5 días hábiles, de todos modos puede contactarnos y le daremos toda la información que necesite  -------------------------------------------------------  No realizamos envíos a Misiones y a Tierra del Fuego.  Los combos x4 no cuentan con envió. Solo con retiro en sucursal  Nuestros precios online son exclusivos los precios en sucursales pueden variar.  -------------------------------------------------------  NEUMATICOS: La publicación solo incluye el o los neumáticos, las imagenes son a modo ilustrativo, el valor a abonar no incluye llanta/s.  -------------------------------------------------------  HORARIO DE ATENCION CONTACT CENTER: Todos los días de 8:30 a 23hs.  HORARIO DE ATENCION SUCURSALES: Todos los días de 8:30 a 21hs. Excepto sucursal de Quilmes: Todos los días de 8:30 a 20hs.  -------------------------------------------------------  ¡ATENCION! Su OFERTA es COMPROMISO de compra. Si no está seguro de efectuar la compra, realice las consultas necesarias, estamos a su entera disposición.  -------------------------------------------------------  GARANTIA OFICIAL Todos nuestros productos tienen garantía oficial del fabricante o importador, avalada por la factura de compra.  -------------------------------------------------------  SERVICIOS: los servicios tienen una vigencia de 90 días, a partir de la fecha de compra, para ser realizados en nuestras sucursales.","1391","https://www.shop.norauto.com.ar/MLA-918924514-pad-de-pulido-3-corte-mefino-_JM#position=17&search_layout=grid&type=item&tracking_id=8ed4240d-1e30-449d-a7ab-4fe91d5ddc77","limpieza-vehiculos"
"Pad Pulido Orbital 6 Corte Medio/fino","","PAD PULIDO ORBITAL 6"" CORTE MEDIO/FINO  Pad de pulido orbital. foam 6´naranja corte medio. PREGUNTAS FRECUENTES:    ¿Cuánto cuesta el envío? En el caso de no contar con envío gratis o retiro en sucursal. Podes calcular el costo de envío ingresando tu código postal en el icono de Mercado Envíos.  ¿Hacen envíos a contrareembolso? No. El envío de tu compra se concreta una vez acreditado el pago en Mercado Pago.  ¿Puedo retirar personalmente el pedido? Si, tenes que seleccionar la opción retiro en el domicilio del vendedor. Si no lo encontras habilitado en la publicación, avísanos mediante una pregunta y te adjuntamos el link.  Una vez realizada la compra podrá pasar a retirar su producto o servicio en sucursal de 3 a 5 días hábiles coordinando con nosotros.  ¿Puedo cambiar o devolver el producto una vez que compre? Sí. Tenes 30 días para cambiar el producto en caso de necesitarlo, y 5 días para devolverlo en caso de fallo o defecto de fábrica.  ¿Cómo se realizan los cambios? Se realizan a través de nuestro centro de Atención al cliente (recibirás todos los datos una vez realizada la compra). Horario de atención de lunes a viernes de 08.00 a 18.00 hs.  -------------------------------------------------------  ENVIOS A TODO EL PAÍS EN PRODUCTOS SELECCIONADOS: Los envíos se despachan dentro de las 72hs hábiles a coordinar con el vendedor. En el caso del retiro en las sucursales, el tiempo aproximado es entre 3 y 5 días hábiles, de todos modos puede contactarnos y le daremos toda la información que necesite  -------------------------------------------------------  No realizamos envíos a Misiones y a Tierra del Fuego.  Los combos x4 no cuentan con envió. Solo con retiro en sucursal  Nuestros precios online son exclusivos los precios en sucursales pueden variar.  -------------------------------------------------------  NEUMATICOS: La publicación solo incluye el o los neumáticos, las imagenes son a modo ilustrativo, el valor a abonar no incluye llanta/s.  -------------------------------------------------------  HORARIO DE ATENCION CONTACT CENTER: Todos los días de 8:30 a 23hs.  HORARIO DE ATENCION SUCURSALES: Todos los días de 8:30 a 21hs. Excepto sucursal de Quilmes: Todos los días de 8:30 a 20hs.  -------------------------------------------------------  ¡ATENCION! Su OFERTA es COMPROMISO de compra. Si no está seguro de efectuar la compra, realice las consultas necesarias, estamos a su entera disposición.  -------------------------------------------------------  GARANTIA OFICIAL Todos nuestros productos tienen garantía oficial del fabricante o importador, avalada por la factura de compra.  -------------------------------------------------------  SERVICIOS: los servicios tienen una vigencia de 90 días, a partir de la fecha de compra, para ser realizados en nuestras sucursales.","3424","https://www.shop.norauto.com.ar/MLA-920690176-pad-pulido-orbital-6-corte-mediofino-_JM#position=18&search_layout=grid&type=item&tracking_id=3d7d3e06-35bb-4a6a-abf0-79a68982e836","limpieza-vehiculos"
"Estopa De Limpieza Economica","","ESTOPA DE LIMPIEZA ECONOMICA 300GR    PREGUNTAS FRECUENTES:    ¿Cuánto cuesta el envío? En el caso de no contar con envío gratis o retiro en sucursal. Podes calcular el costo de envío ingresando tu código postal en el icono de Mercado Envíos.  ¿Hacen envíos a contrareembolso? No. El envío de tu compra se concreta una vez acreditado el pago en Mercado Pago.  ¿Puedo retirar personalmente el pedido? Si, tenes que seleccionar la opción retiro en el domicilio del vendedor. Si no lo encontras habilitado en la publicación, avísanos mediante una pregunta y te adjuntamos el link.  Una vez realizada la compra podrá pasar a retirar su producto o servicio en sucursal de 3 a 5 días hábiles coordinando con nosotros.  ¿Puedo cambiar o devolver el producto una vez que compre? Sí. Tenes 30 días para cambiar el producto en caso de necesitarlo, y 5 días para devolverlo en caso de fallo o defecto de fábrica.  ¿Cómo se realizan los cambios? Se realizan a través de nuestro centro de Atención al cliente (recibirás todos los datos una vez realizada la compra). Horario de atención de lunes a viernes de 08.00 a 18.00 hs.  -------------------------------------------------------  ENVIOS A TODO EL PAÍS EN PRODUCTOS SELECCIONADOS: Los envíos se despachan dentro de las 72hs hábiles a coordinar con el vendedor. En el caso del retiro en las sucursales, el tiempo aproximado es entre 3 y 5 días hábiles, de todos modos puede contactarnos y le daremos toda la información que necesite  -------------------------------------------------------  No realizamos envíos a Misiones y a Tierra del Fuego.  Los combos x4 no cuentan con envió. Solo con retiro en sucursal  Nuestros precios online son exclusivos los precios en sucursales pueden variar.  -------------------------------------------------------  NEUMATICOS: La publicación solo incluye el o los neumáticos, las imagenes son a modo ilustrativo, el valor a abonar no incluye llanta/s.  -------------------------------------------------------  HORARIO DE ATENCION CONTACT CENTER: Todos los días de 8:30 a 23hs.  HORARIO DE ATENCION SUCURSALES: Todos los días de 8:30 a 21hs. Excepto sucursal de Quilmes: Todos los días de 8:30 a 20hs.  -------------------------------------------------------  ¡ATENCION! Su OFERTA es COMPROMISO de compra. Si no está seguro de efectuar la compra, realice las consultas necesarias, estamos a su entera disposición.  -------------------------------------------------------  GARANTIA OFICIAL Todos nuestros productos tienen garantía oficial del fabricante o importador, avalada por la factura de compra.  -------------------------------------------------------  SERVICIOS: los servicios tienen una vigencia de 90 días, a partir de la fecha de compra, para ser realizados en nuestras sucursales.","482","https://www.shop.norauto.com.ar/MLA-922756122-estopa-de-limpieza-economica-_JM#position=19&search_layout=grid&type=item&tracking_id=6e000d62-be9a-4b93-bcda-daa418e41fff","limpieza-vehiculos"
"Secador Para Vidrio Con Rociador","","SECADOR PARA VIDRIO CON ROCIADORPREGUNTAS FRECUENTES:    ¿Cuánto cuesta el envío? En el caso de no contar con envío gratis o retiro en sucursal. Podes calcular el costo de envío ingresando tu código postal en el icono de Mercado Envíos.  ¿Hacen envíos a contrareembolso? No. El envío de tu compra se concreta una vez acreditado el pago en Mercado Pago.  ¿Puedo retirar personalmente el pedido? Si, tenes que seleccionar la opción retiro en el domicilio del vendedor. Si no lo encontras habilitado en la publicación, avísanos mediante una pregunta y te adjuntamos el link.  Una vez realizada la compra podrá pasar a retirar su producto o servicio en sucursal de 3 a 5 días hábiles coordinando con nosotros.  ¿Puedo cambiar o devolver el producto una vez que compre? Sí. Tenes 30 días para cambiar el producto en caso de necesitarlo, y 5 días para devolverlo en caso de fallo o defecto de fábrica.  ¿Cómo se realizan los cambios? Se realizan a través de nuestro centro de Atención al cliente (recibirás todos los datos una vez realizada la compra). Horario de atención de lunes a viernes de 08.00 a 18.00 hs.  -------------------------------------------------------  ENVIOS A TODO EL PAÍS EN PRODUCTOS SELECCIONADOS: Los envíos se despachan dentro de las 72hs hábiles a coordinar con el vendedor. En el caso del retiro en las sucursales, el tiempo aproximado es entre 3 y 5 días hábiles, de todos modos puede contactarnos y le daremos toda la información que necesite  -------------------------------------------------------  No realizamos envíos a Misiones y a Tierra del Fuego.  Los combos x4 no cuentan con envió. Solo con retiro en sucursal  Nuestros precios online son exclusivos los precios en sucursales pueden variar.  -------------------------------------------------------  NEUMATICOS: La publicación solo incluye el o los neumáticos, las imagenes son a modo ilustrativo, el valor a abonar no incluye llanta/s.  -------------------------------------------------------  HORARIO DE ATENCION CONTACT CENTER: Todos los días de 8:30 a 23hs.  HORARIO DE ATENCION SUCURSALES: Todos los días de 8:30 a 21hs. Excepto sucursal de Quilmes: Todos los días de 8:30 a 20hs.  -------------------------------------------------------  ¡ATENCION! Su OFERTA es COMPROMISO de compra. Si no está seguro de efectuar la compra, realice las consultas necesarias, estamos a su entera disposición.  -------------------------------------------------------  GARANTIA OFICIAL Todos nuestros productos tienen garantía oficial del fabricante o importador, avalada por la factura de compra.  -------------------------------------------------------  SERVICIOS: los servicios tienen una vigencia de 90 días, a partir de la fecha de compra, para ser realizados en nuestras sucursales.","1380","https://www.shop.norauto.com.ar/MLA-922828989-secador-para-vidrio-con-rociador-_JM#position=20&search_layout=grid&type=item&tracking_id=15b4d39b-ef8d-401f-b934-adec3744cf24","limpieza-vehiculos"
"3d Bdx Removedor De Polvo De Frenos Y Hierro 750cc Detailing","","BDX (Removedor de polvo para frenos) eliminará por completo las partículas de hierro y la suciedad aferrada de la pintura y las ruedas del automóvil. Esta es la forma más rápida y fácil de limpiar casi cualquier rueda. BDX contiene una fórmula de spray que instantáneamente se vuelve púrpura cuando entra en contacto con partículas de hierro. BDX no contiene ácido, equilibra el pH, limpia y elimina de forma segura las manchas de óxido en las ruedas y la lluvia de la pintura, por esto puede reemplazar el uso de productos químicos agresivos como el ácido.  --------  INSTRUCCIONES DE USO:  Enjuagar y enfriar la superficie ántes de usar BDX.  Luego rociar directamente sobre el área de trabajo y dejar hasta que el líquido se vuelva púrpura.  No permitir que se seque el BDX.  Enjuagar bien la superficie.  ""ADVERTENCIA""  No utilizar donde haya luz solar directa o en superficies calientes.  Usar en áreas bien ventiladas.  No usar en vinilo, cubiertas de cuero o molduras.  PREGUNTAS FRECUENTES:    ¿Cuánto cuesta el envío? En el caso de no contar con envío gratis o retiro en sucursal. Podes calcular el costo de envío ingresando tu código postal en el icono de Mercado Envíos.  ¿Hacen envíos a contrareembolso? No. El envío de tu compra se concreta una vez acreditado el pago en Mercado Pago.  ¿Puedo retirar personalmente el pedido? Si, tenes que seleccionar la opción retiro en el domicilio del vendedor. Si no lo encontras habilitado en la publicación, avísanos mediante una pregunta y te adjuntamos el link.  Una vez realizada la compra podrá pasar a retirar su producto o servicio en sucursal de 3 a 5 días hábiles coordinando con nosotros.  ¿Puedo cambiar o devolver el producto una vez que compre? Sí. Tenes 30 días para cambiar el producto en caso de necesitarlo, y 5 días para devolverlo en caso de fallo o defecto de fábrica.  ¿Cómo se realizan los cambios? Se realizan a través de nuestro centro de Atención al cliente (recibirás todos los datos una vez realizada la compra). Horario de atención de lunes a viernes de 08.00 a 18.00 hs.  -------------------------------------------------------  ENVIOS A TODO EL PAÍS EN PRODUCTOS SELECCIONADOS: Los envíos se despachan dentro de las 72hs hábiles a coordinar con el vendedor. En el caso del retiro en las sucursales, el tiempo aproximado es entre 3 y 5 días hábiles, de todos modos puede contactarnos y le daremos toda la información que necesite  -------------------------------------------------------  No realizamos envíos a Misiones y a Tierra del Fuego.  Los combos x4 no cuentan con envió. Solo con retiro en sucursal  Nuestros precios online son exclusivos los precios en sucursales pueden variar.  -------------------------------------------------------  NEUMATICOS: La publicación solo incluye el o los neumáticos, las imagenes son a modo ilustrativo, el valor a abonar no incluye llanta/s.  -------------------------------------------------------  HORARIO DE ATENCION CONTACT CENTER: Todos los días de 8:30 a 23hs.  HORARIO DE ATENCION SUCURSALES: Todos los días de 8:30 a 21hs. Excepto sucursal de Quilmes: Todos los días de 8:30 a 20hs.  -------------------------------------------------------  ¡ATENCION! Su OFERTA es COMPROMISO de compra. Si no está seguro de efectuar la compra, realice las consultas necesarias, estamos a su entera disposición.  -------------------------------------------------------  GARANTIA OFICIAL Todos nuestros productos tienen garantía oficial del fabricante o importador, avalada por la factura de compra.  -------------------------------------------------------  SERVICIOS: los servicios tienen una vigencia de 90 días, a partir de la fecha de compra, para ser realizados en nuestras sucursales.","5435","https://www.shop.norauto.com.ar/MLA-1142052766-3d-bdx-removedor-de-polvo-de-frenos-y-hierro-750cc-detailing-_JM#position=21&search_layout=grid&type=item&tracking_id=53ac2504-b0a6-49b1-9a67-3885dc855033","limpieza-vehiculos"
"3d Paste Wax Cera De Carnauba En Pasta. Proteccion Y Brillo","Es inflamable: No|","CERA DE CARNAUBA EN PASTA  Descripción:  3D CARNAUBA WAX es extracto de cera pre-suavizada natural con componentes naturales de Cera de Carnauba y Silicón. No contiene abrasivos y brinda una protección extremadamente duradera y un brillo perfecto. Es ideal para todo tipo de pinturas. De aplicación sencilla, su presentación en pasta no deja residuos de polvo o vetas.  Aplicación:  Antes de aplicar, lavar el vehículo con un shampoo PH neutro ? Recomendamos 3D PINK CAR SOAP - para remover la suciedad. Asegurarse que la pintura este perfectamente limpia. Recomendamos no trabajar bajo los rayos del sol. Pasar un aplicador por la cera y esparcir sobre la superficie del vehículo uniformemente. Dejar reposar 10 min y retirar lustrando firmemente con una microfibra limpia de buena calidad.  PREGUNTAS FRECUENTES:    ¿Cuánto cuesta el envío? En el caso de no contar con envío gratis o retiro en sucursal. Podes calcular el costo de envío ingresando tu código postal en el icono de Mercado Envíos.  ¿Hacen envíos a contrareembolso? No. El envío de tu compra se concreta una vez acreditado el pago en Mercado Pago.  ¿Puedo retirar personalmente el pedido? Si, tenes que seleccionar la opción retiro en el domicilio del vendedor. Si no lo encontras habilitado en la publicación, avísanos mediante una pregunta y te adjuntamos el link.  Una vez realizada la compra podrá pasar a retirar su producto o servicio en sucursal de 3 a 5 días hábiles coordinando con nosotros.  ¿Puedo cambiar o devolver el producto una vez que compre? Sí. Tenes 30 días para cambiar el producto en caso de necesitarlo, y 5 días para devolverlo en caso de fallo o defecto de fábrica.  ¿Cómo se realizan los cambios? Se realizan a través de nuestro centro de Atención al cliente (recibirás todos los datos una vez realizada la compra). Horario de atención de lunes a viernes de 08.00 a 18.00 hs.  -------------------------------------------------------  ENVIOS A TODO EL PAÍS EN PRODUCTOS SELECCIONADOS: Los envíos se despachan dentro de las 72hs hábiles a coordinar con el vendedor. En el caso del retiro en las sucursales, el tiempo aproximado es entre 3 y 5 días hábiles, de todos modos puede contactarnos y le daremos toda la información que necesite  -------------------------------------------------------  No realizamos envíos a Misiones y a Tierra del Fuego.  Los combos x4 no cuentan con envió. Solo con retiro en sucursal  Nuestros precios online son exclusivos los precios en sucursales pueden variar.  -------------------------------------------------------  NEUMATICOS: La publicación solo incluye el o los neumáticos, las imagenes son a modo ilustrativo, el valor a abonar no incluye llanta/s.  -------------------------------------------------------  HORARIO DE ATENCION CONTACT CENTER: Todos los días de 8:30 a 23hs.  HORARIO DE ATENCION SUCURSALES: Todos los días de 8:30 a 21hs. Excepto sucursal de Quilmes: Todos los días de 8:30 a 20hs.  -------------------------------------------------------  ¡ATENCION! Su OFERTA es COMPROMISO de compra. Si no está seguro de efectuar la compra, realice las consultas necesarias, estamos a su entera disposición.  -------------------------------------------------------  GARANTIA OFICIAL Todos nuestros productos tienen garantía oficial del fabricante o importador, avalada por la factura de compra.  -------------------------------------------------------  SERVICIOS: los servicios tienen una vigencia de 90 días, a partir de la fecha de compra, para ser realizados en nuestras sucursales.","15377","https://www.shop.norauto.com.ar/MLA-1142071918-3d-paste-wax-cera-de-carnauba-en-pasta-proteccion-y-brillo-_JM#position=22&search_layout=grid&type=item&tracking_id=73ad3f58-e305-41fb-9c05-ccd993df2a0b","limpieza-vehiculos"
